title,name,count
Amadeus Holy,Action,21
American Circus,Action,22
Antitrust Tomatoes,Action,10
Barefoot Manchurian,Action,18
Berets Agent,Action,21
Bride Intrigue,Action,19
Bull Shawshank,Action,16
Caddyshack Jedi,Action,16
Campus Remember,Action,19
Casualties Encino,Action,9
Celebrity Horn,Action,24
Clueless Bucket,Action,25
Crow Grease,Action,12
Dances None,Action,14
Darko Dorado,Action,11
Darn Forrester,Action,18
Devil Desire,Action,15
Dragon Squad,Action,11
Dream Pickup,Action,22
Drifter Commandments,Action,24
Easy Gladiator,Action,23
Entrapment Satisfaction,Action,15
Excitement Eve,Action,21
Fantasy Troopers,Action,26
Fool Mockingbird,Action,23
Forrest Sons,Action,18
Glass Dying,Action,14
Gosford Donnie,Action,8
Grail Frankenstein,Action,10
Handicap Boondock,Action,28
Hills Neighbors,Action,25
Kissing Dolls,Action,20
Lawrence Love,Action,13
Lord Arizona,Action,11
Lust Lock,Action,15
Magnolia Forrester,Action,11
Midnight Westward,Action,17
Minds Truman,Action,20
Mockingbird Hollywood,Action,24
Montezuma Command,Action,9
Park Citizen,Action,8
Patriot Roman,Action,16
Primary Glass,Action,27
Quest Mussolini,Action,20
Rear Trading,Action,17
Rings Heartbreakers,Action,15
Rugrats Shakespeare,Action,30
Shrunk Divine,Action,14
Side Ark,Action,12
South Wait,Action,22
Speakeasy Date,Action,12
Stagecoach Armageddon,Action,26
Story Side,Action,28
Suspects Quills,Action,30
Trip Newton,Action,28
Truman Crazy,Action,23
Uprising Uptown,Action,16
Waterfront Deliverance,Action,17
Werewolf Lola,Action,14
Women Dorado,Action,23
Worst Banger,Action,16
Alter Victory,Animation,22
Anaconda Confessions,Animation,21
Bikini Borrowers,Animation,17
Blackout Private,Animation,27
Borrowers Bedazzled,Animation,22
Canyon Stock,Animation,19
Carol Texas,Animation,18
Champion Flatliners,Animation,13
Clash Freddy,Animation,25
Club Graffiti,Animation,19
Crossroads Casualties,Animation,21
Dares Pluto,Animation,9
Desire Alien,Animation,8
Dogma Family,Animation,30
Donnie Alley,Animation,14
Doors President,Animation,19
Double Wrath,Animation,25
Duck Racer,Animation,6
Early Home,Animation,7
Falcon Volume,Animation,22
Fight Jawbreaker,Animation,22
Flying Hook,Animation,20
Forrester Comancheros,Animation,27
Gangs Pride,Animation,27
Ghostbusters Elf,Animation,9
Harper Dying,Animation,20
Hook Chariots,Animation,13
Horn Working,Animation,24
Inch Jet,Animation,18
Insects Stone,Animation,18
Intentions Empire,Animation,17
Ishtar Rocketeer,Animation,7
Juggler Hardly,Animation,32
Lawless Vision,Animation,17
Luke Mummy,Animation,7
Massage Image,Animation,12
Menagerie Rushmore,Animation,7
Miracle Virtual,Animation,9
Mission Zoolander,Animation,18
Nash Chocolat,Animation,15
Oscar Gold,Animation,25
Oz Liaisons,Animation,24
Packer Madigan,Animation,22
Pond Seattle,Animation,19
Potluck Mixed,Animation,11
Potter Connecticut,Animation,17
Pride Alamo,Animation,16
Punk Divorce,Animation,8
Room Roman,Animation,20
Sleepless Monsoon,Animation,20
Snowman Rollercoaster,Animation,23
Sons Interview,Animation,15
Storm Happiness,Animation,29
Sugar Wonka,Animation,17
Sunrise League,Animation,24
Telemark Heartbreakers,Animation,25
Theory Mermaid,Animation,11
Thief Pelican,Animation,19
Titanic Boondock,Animation,23
Tracy Cider,Animation,26
Turn Star,Animation,14
Wait Cider,Animation,21
Watch Tracy,Animation,16
Wonka Sea,Animation,18
Backlash Undefeated,Children,19
Bear Graceland,Children,22
Beneath Rush,Children,10
Betrayed Rear,Children,15
Cabin Flash,Children,15
Casper Dragonfly,Children,8
Christmas Moonshine,Children,21
Circus Youth,Children,15
Clockwork Paradise,Children,10
Comancheros Enemy,Children,6
Crooked Frogmen,Children,23
Daughter Madigan,Children,9
Doctor Grail,Children,7
Empire Malkovich,Children,21
Fargo Gandhi,Children,24
Forever Candidate,Children,13
Full Flatliners,Children,5
Fury Murder,Children,19
Ghost Groundhog,Children,21
Giant Troopers,Children,28
Gorgeous Bingo,Children,19
Graduate Lord,Children,16
Hall Cassidy,Children,16
Heartbreakers Bright,Children,20
Hollywood Anonymous,Children,13
Holocaust Highball,Children,17
Idols Snatchers,Children,30
Invasion Cyclone,Children,27
Jersey Sassy,Children,6
Jumping Wrath,Children,24
Labyrinth League,Children,15
Language Cowboy,Children,11
Legally Secretary,Children,9
Magic Mallrats,Children,7
Maker Gables,Children,10
Microcosmos Paradise,Children,13
Model Fish,Children,15
Murder Antitrust,Children,23
Noon Papi,Children,17
Polish Brooklyn,Children,18
Robbers Joon,Children,31
Sabrina Midnight,Children,21
Santa Paris,Children,11
Scarface Bang,Children,18
Shepherd Midsummer,Children,25
Splendor Patton,Children,21
Strangelove Desire,Children,24
Stranger Strangers,Children,11
Sundance Invasion,Children,19
Sweethearts Suspects,Children,29
Tequila Past,Children,6
Ties Hunger,Children,11
Tootsie Pilot,Children,15
Twisted Pirates,Children,11
Uptown Young,Children,12
Warlock Werewolf,Children,6
Wrong Behavior,Children,20
Zoolander Fiction,Children,17
Arizona Bang,Classics,21
Beast Hunchback,Classics,11
Bound Cheaper,Classics,24
Candidate Perdition,Classics,18
Center Dinosaur,Classics,24
Color Philadelphia,Classics,24
Conspiracy Spirit,Classics,5
Core Suit,Classics,18
Creepers Kane,Classics,14
Cruelty Unforgiven,Classics,7
Detective Vision,Classics,27
Dracula Crystal,Classics,21
Dynamite Tarzan,Classics,25
Extraordinary Conquerer,Classics,6
Frost Head,Classics,30
Galaxy Sweethearts,Classics,18
Gilbert Pelican,Classics,9
Gilmore Boiled,Classics,28
Holy Tadpole,Classics,9
Hope Tootsie,Classics,18
Hyde Doctor,Classics,26
Iron Moon,Classics,11
Island Exorcist,Classics,26
Jeepers Wedding,Classics,16
Jeopardy Encino,Classics,10
Jerk Paycheck,Classics,20
Jingle Sagebrush,Classics,13
League Hellfighters,Classics,17
Lights Deer,Classics,8
Loathing Legally,Classics,27
Lovely Jingle,Classics,14
Lover Truman,Classics,10
Magnificent Chitty,Classics,8
Malkovich Pet,Classics,26
Million Ace,Classics,20
Musketeers Wait,Classics,17
October Submarine,Classics,11
Pajama Jawbreaker,Classics,14
Patient Sister,Classics,19
Prejudice Oleander,Classics,20
Requiem Tycoon,Classics,19
Right Cranes,Classics,10
Roots Remember,Classics,17
Sling Luke,Classics,6
Snatchers Montezuma,Classics,9
Spiking Element,Classics,13
Steel Santa,Classics,23
Summer Scarface,Classics,16
Timberland Sky,Classics,31
Tomorrow Hustler,Classics,25
Towers Hurricane,Classics,11
Voyage Legally,Classics,28
Wasteland Divine,Classics,15
Westward Seabiscuit,Classics,26
Airplane Sierra,Comedy,15
Anthem Luke,Comedy,15
Bringing Hysterical,Comedy,20
Caper Motions,Comedy,24
Cat Coneheads,Comedy,30
Closer Bang,Comedy,28
Connection Microcosmos,Comedy,7
Control Anthem,Comedy,7
Crazy Home,Comedy,9
Daddy Pittsburgh,Comedy,13
Doom Dancing,Comedy,21
Downhill Enough,Comedy,25
Dying Maker,Comedy,17
Element Freddy,Comedy,10
Ferris Mother,Comedy,17
Fireball Philadelphia,Comedy,21
Flintstones Happiness,Comedy,17
Freedom Cleopatra,Comedy,5
Gold River,Comedy,14
Groundhog Uncut,Comedy,18
Gunfight Moon,Comedy,24
Heaven Freedom,Comedy,18
Hedwig Alter,Comedy,12
Hurricane Affair,Comedy,24
Hustler Party,Comedy,22
Jaws Harry,Comedy,14
Knock Warlock,Comedy,24
Life Twisted,Comedy,10
Lion Uncut,Comedy,18
Lonely Elephant,Comedy,15
Mallrats United,Comedy,25
Memento Zoolander,Comedy,13
Mulan Moon,Comedy,13
Mystic Truman,Comedy,10
Operation Operation,Comedy,27
Paradise Sabrina,Comedy,18
Party Knock,Comedy,13
Perfect Groove,Comedy,17
Pinocchio Simon,Comedy,20
Pure Runner,Comedy,16
Rushmore Mermaid,Comedy,6
Saddle Antitrust,Comedy,14
Saturn Name,Comedy,13
Searchers Wait,Comedy,14
Snatch Slipper,Comedy,22
Stage World,Comedy,10
Strictly Scarface,Comedy,23
Submarine Bed,Comedy,15
Sweden Shining,Comedy,18
Trainspotting Strangers,Comedy,11
Tramp Others,Comedy,20
Valley Packer,Comedy,15
Velvet Terminator,Comedy,26
Vertigo Northwest,Comedy,8
Wisdom Worker,Comedy,9
Zorro Ark,Comedy,31
Academy Dinosaur,Documentary,23
Adaptation Holes,Documentary,12
Army Flintstones,Documentary,16
Beach Heartbreakers,Documentary,17
Bed Highball,Documentary,6
Bill Others,Documentary,19
Bonnie Holocaust,Documentary,16
Brotherhood Blanket,Documentary,26
Cause Date,Documentary,21
Chicken Hellfighters,Documentary,22
Cider Desire,Documentary,19
Clerks Angels,Documentary,7
Coast Rainbow,Documentary,21
Cupboard Sinners,Documentary,23
Dancing Fever,Documentary,27
Deep Crusade,Documentary,14
Dozen Lion,Documentary,7
Duffel Apocalypse,Documentary,7
Egg Igby,Documentary,21
Expendable Stallion,Documentary,28
French Holiday,Documentary,17
Halloween Nuts,Documentary,10
Hardly Robbers,Documentary,4
Hawk Chill,Documentary,7
Heavyweights Beast,Documentary,23
Homeward Cider,Documentary,16
Hunter Alter,Documentary,5
Independence Hotel,Documentary,19
Intolerable Intentions,Documentary,9
Madison Trap,Documentary,15
Majestic Floats,Documentary,17
Metal Armageddon,Documentary,25
Midsummer Groundhog,Documentary,22
Mighty Luck,Documentary,12
Modern Dorado,Documentary,15
Mod Secretary,Documentary,11
National Story,Documentary,19
Newsies Story,Documentary,7
North Tequila,Documentary,11
Notorious Reunion,Documentary,14
Pacific Amistad,Documentary,24
Pelican Comforts,Documentary,26
Pocus Pulp,Documentary,26
Princess Giant,Documentary,27
Quills Bull,Documentary,16
Road Roxanne,Documentary,19
Sagebrush Clueless,Documentary,16
Secret Groundhog,Documentary,21
Ship Wonderland,Documentary,15
Show Lord,Documentary,25
Smoking Barbarella,Documentary,18
Spoilers Hellfighters,Documentary,10
Streak Ridgemont,Documentary,16
Thin Sagebrush,Documentary,11
United Pilot,Documentary,17
Untouchables Sunrise,Documentary,8
Virginian Pluto,Documentary,29
Wagon Jaws,Documentary,10
Wars Pluto,Documentary,10
Wedding Apollo,Documentary,24
Wife Turn,Documentary,31
Wrath Mile,Documentary,14
Young Language,Documentary,7
Beauty Grease,Drama,22
Beethoven Exorcist,Drama,11
Blade Polish,Drama,22
Bright Encounters,Drama,13
Bunch Minds,Drama,5
Chill Luck,Drama,22
Chitty Lock,Drama,8
Coneheads Smoochy,Drama,25
Confessions Maguire,Drama,14
Conquerer Nuts,Drama,16
Craft Outfield,Drama,16
Dalmations Sweden,Drama,20
Darkness War,Drama,13
Deceiver Betrayed,Drama,21
Destination Jerk,Drama,8
Diary Panic,Drama,9
Edge Kissing,Drama,15
Encounters Curtain,Drama,19
Goldfinger Sensibility,Drama,24
Gone Trouble,Drama,10
Greedy Roots,Drama,14
Hanging Deep,Drama,19
Harold French,Drama,8
Harry Idaho,Drama,30
Hobbit Alien,Drama,31
Hunchback Impossible,Drama,20
Jacket Frisco,Drama,18
Kwai Homeward,Drama,23
Lebowski Soldiers,Drama,21
Lies Treatment,Drama,27
Luck Opus,Drama,10
Mob Duffel,Drama,12
Necklace Outbreak,Drama,15
Notting Speakeasy,Drama,10
Orient Closer,Drama,17
Paths Control,Drama,10
Paycheck Wait,Drama,16
Pity Bound,Drama,26
Queen Luke,Drama,22
Racer Egg,Drama,18
Reunion Witches,Drama,20
Rocky War,Drama,16
Saints Bride,Drama,8
Savannah Town,Drama,12
Scorpion Apollo,Drama,23
Seattle Expecations,Drama,24
Sea Virgin,Drama,22
Shootist Superfly,Drama,24
Slacker Liaisons,Drama,17
Something Duck,Drama,19
Spice Sorority,Drama,20
Tenenbaums Command,Drama,13
Torque Bound,Drama,27
Translation Summer,Drama,15
Treatment Jekyll,Drama,7
Unfaithful Kill,Drama,8
Vietnam Smoochy,Drama,15
Virgin Daisy,Drama,17
Wardrobe Phantom,Drama,27
West Lion,Drama,16
Witches Panic,Drama,30
African Egg,Family,12
Apache Divine,Family,31
Atlantis Cause,Family,24
Baked Cleopatra,Family,16
Bang Kwai,Family,7
Bedazzled Married,Family,13
Bilko Anonymous,Family,13
Blanket Beverly,Family,12
Blood Argonauts,Family,10
Blues Instinct,Family,21
Braveheart Human,Family,5
Chasing Fight,Family,20
Chisum Behavior,Family,13
Chocolat Harry,Family,20
Confused Candles,Family,17
Conversation Downhill,Family,17
Date Speed,Family,13
Dinosaur Secretary,Family,20
Dumbo Lust,Family,6
Earring Instinct,Family,19
Effect Gladiator,Family,25
Feud Frogmen,Family,25
Finding Anaconda,Family,12
Gables Metropolis,Family,19
Gandhi Kwai,Family,17
Grease Youth,Family,21
Half Outfield,Family,26
Homicide Peach,Family,22
House Dynamite,Family,23
Hunting Musketeers,Family,15
Indian Love,Family,16
Jason Trap,Family,24
Jedi Beneath,Family,19
Killer Innocent,Family,6
King Evolution,Family,9
Lolita World,Family,10
Louisiana Harry,Family,17
Maguire Apache,Family,9
Manchurian Curtain,Family,15
Movie Shakespeare,Family,27
Music Boondock,Family,19
Natural Stock,Family,13
Network Peak,Family,31
Odds Boogie,Family,15
Opposite Necklace,Family,13
Pilot Hoosiers,Family,16
Pittsburgh Hunchback,Family,12
President Bang,Family,7
Prix Undefeated,Family,11
Rage Games,Family,19
Range Moonwalker,Family,27
Remember Diary,Family,18
Resurrection Silverado,Family,21
Robbery Bright,Family,13
Rush Goodfellas,Family,31
Secrets Paradise,Family,20
Sensibility Rear,Family,10
Siege Madre,Family,15
Slums Duck,Family,24
Soup Wisdom,Family,8
Spartacus Cheaper,Family,9
Spinal Rocky,Family,13
Splash Gump,Family,14
Sunset Racer,Family,8
Super Wyoming,Family,13
Virtual Spoilers,Family,14
Willow Tracy,Family,16
Agent Truman,Foreign,21
Alamo Videotape,Foreign,24
Alien Center,Foreign,22
Alley Evolution,Foreign,14
Baby Hall,Foreign,8
Ballroom Mockingbird,Foreign,8
Brooklyn Desert,Foreign,21
Bugsy Song,Foreign,11
Calendar Gunfight,Foreign,21
Command Darling,Foreign,16
Cowboy Doom,Foreign,7
Cyclone Family,Foreign,15
Dangerous Uptown,Foreign,12
Doubtfire Labyrinth,Foreign,10
Everyone Craft,Foreign,13
Fiction Christmas,Foreign,19
Frida Slipper,Foreign,11
Gentlemen Stage,Foreign,23
Grapes Fury,Foreign,22
Greek Everyone,Foreign,17
Happiness United,Foreign,6
Hellfighters Sierra,Foreign,20
Highball Potter,Foreign,21
Holiday Games,Foreign,15
Hoosiers Birdcage,Foreign,8
Hotel Happiness,Foreign,9
Hunger Roof,Foreign,13
Illusion Amelie,Foreign,15
Impossible Prejudice,Foreign,14
Informer Double,Foreign,5
Innocent Usual,Foreign,26
Intrigue Worst,Foreign,20
Jet Neighbors,Foreign,20
Kane Exorcist,Foreign,14
Kiss Glory,Foreign,22
Lose Inch,Foreign,27
Lost Bird,Foreign,12
Madness Attacks,Foreign,25
Matrix Snowman,Foreign,9
Maude Mod,Foreign,8
Meet Chocolate,Foreign,12
Mixed Doors,Foreign,4
Moon Bunch,Foreign,29
Mulholland Beast,Foreign,7
Newton Labyrinth,Foreign,17
Opus Ice,Foreign,11
Orange Grapes,Foreign,24
Past Suicides,Foreign,13
Pet Haunting,Foreign,8
Pollock Deliverance,Foreign,18
Purple Movie,Foreign,13
Reservoir Adaptation,Foreign,10
Rocketeer Mother,Foreign,33
School Jacket,Foreign,6
Scissorhands Slums,Foreign,15
Shock Cabin,Foreign,30
Shrek License,Foreign,15
Sorority Queen,Foreign,12
Stepmom Dream,Foreign,20
Town Ark,Foreign,14
Trap Guys,Foreign,16
Usual Untouchables,Foreign,13
Vision Torque,Foreign,7
War Notting,Foreign,12
Wash Heavenly,Foreign,23
Whale Bikini,Foreign,18
Wonderful Drop,Foreign,9
Autumn Crow,Games,11
Bulworth Commandments,Games,7
Candles Grapes,Games,23
Chicago North,Games,16
Creatures Shakespeare,Games,16
Curtain Videotape,Games,27
Darling Breaking,Games,9
Dawn Pond,Games,18
Details Packer,Games,19
Dirty Ace,Games,15
Divine Resurrection,Games,15
Dwarfs Alter,Games,9
Encino Elf,Games,19
Fantasia Park,Games,19
Feathers Metal,Games,11
Fever Empire,Games,5
Fire Wolves,Games,7
Forward Temple,Games,32
Gathering Calendar,Games,11
Glory Tracy,Games,5
Grinch Massage,Games,14
Grit Clockwork,Games,32
Gun Bonnie,Games,25
Haunting Pianist,Games,22
Head Stranger,Games,22
Human Graffiti,Games,15
Ice Crossing,Games,24
Jericho Mulan,Games,17
Ladybugs Armageddon,Games,6
Lambs Cincinatti,Games,10
Madre Gables,Games,14
Maltese Hope,Games,22
Mars Roman,Games,19
Massacre Usual,Games,30
Monsoon Cause,Games,9
Moonshine Cabin,Games,21
Moonwalker Fool,Games,13
Name Detective,Games,23
Nightmare Chill,Games,25
Outbreak Divine,Games,23
Panky Submarine,Games,15
Pizza Jumanji,Games,7
Private Drop,Games,5
Rouge Squad,Games,18
Roxanne Rebel,Games,19
Sassy Packer,Games,13
Seven Swarm,Games,5
Sleuth Orient,Games,21
Spy Mile,Games,27
Stampede Disturbing,Games,14
State Wasteland,Games,13
Suit Walls,Games,21
Tycoon Gathering,Games,12
Vanilla Day,Games,9
Videotape Arsenic,Games,29
Volcano Texas,Games,22
Wanda Chamber,Games,16
Wind Phantom,Games,23
Ace Goldfinger,Horror,7
Affair Prejudice,Horror,23
Airport Pollock,Horror,18
Alabama Devil,Horror,12
Ali Forever,Horror,9
Analyze Hoosiers,Horror,14
Anything Savannah,Horror,9
Arabia Dogma,Horror,13
Arachnophobia Rollercoaster,Horror,24
Behavior Runaway,Horror,13
Bowfinger Gables,Horror,11
Carrie Bunch,Horror,23
Desert Poseidon,Horror,19
Drums Dynamite,Horror,13
Egypt Tenenbaums,Horror,17
Elephant Trojan,Horror,14
Family Sweet,Horror,29
Fidelity Devil,Horror,21
Freddy Storm,Horror,23
Gaslight Crusade,Horror,16
High Encino,Horror,22
Japanese Run,Horror,6
Karate Moon,Horror,23
Lady Stage,Horror,17
Lola Agent,Horror,24
Love Suicides,Horror,20
Monterey Labyrinth,Horror,13
Motions Details,Horror,16
Panic Club,Horror,7
Paris Weekend,Horror,14
Patton Interview,Horror,23
Pulp Beverly,Horror,30
Reap Unfaithful,Horror,16
Reef Salute,Horror,11
Rock Instinct,Horror,17
Rollercoaster Bringing,Horror,10
Rules Human,Horror,16
Simon North,Horror,6
Sinners Atlantis,Horror,22
Sleeping Suspects,Horror,24
Spirit Flintstones,Horror,15
Strangers Graffiti,Horror,17
Streetcar Intentions,Horror,25
Swarm Gold,Horror,27
Tarzan Videotape,Horror,8
Temple Attraction,Horror,12
Texas Watch,Horror,6
Train Bunch,Horror,4
Undefeated Dalmations,Horror,21
Watership Frontier,Horror,6
World Leathernecks,Horror,8
Yentl Idaho,Horror,23
Zhivago Core,Horror,9
Alaska Phantom,Music,26
Alone Trip,Music,18
Amelie Hellfighters,Music,10
Balloon Homeward,Music,23
Banger Pinocchio,Music,22
Birch Antitrust,Music,11
Birdcage Casper,Music,9
Boogie Amelie,Music,29
Chamber Italian,Music,13
Clones Pinocchio,Music,19
Clue Grail,Music,7
Confidential Interview,Music,29
Deer Virginian,Music,29
Dorado Notting,Music,27
Driving Polish,Music,21
Elf Murder,Music,7
Enemy Odds,Music,29
Freaky Pocus,Music,17
Go Purple,Music,20
Greatest North,Music,29
Grosse Wonderful,Music,8
Hanover Galaxy,Music,17
Heavenly Gun,Music,7
Home Pity,Music,14
Impact Aladdin,Music,9
Insider Arizona,Music,20
Jawbreaker Brooklyn,Music,10
Legend Jedi,Music,9
Lucky Flying,Music,13
Masked Bubble,Music,20
Minority Kiss,Music,12
Monster Spartacus,Music,15
Oleander Clue,Music,10
Outfield Massacre,Music,20
Personal Ladybugs,Music,14
Rebel Airport,Music,8
Reds Pocus,Music,9
Roman Punk,Music,24
Runner Madigan,Music,8
Scalawag Duck,Music,32
Silence Kane,Music,16
Song Hedwig,Music,11
Taxi Kick,Music,17
Telegraph Voyage,Music,27
Terminator Club,Music,6
Uncut Suicides,Music,14
Vanishing Rocky,Music,18
Wizard Coldblooded,Music,16
Won Dares,Music,9
Words Hunter,Music,16
Youth Kick,Music,6
Amistad Midsummer,New,21
Angels Life,New,22
Apocalypse Flamingos,New,6
Attraction Newton,New,24
Birds Perdition,New,18
Boulevard Mob,New,18
Brannigan Sunrise,New,12
Breakfast Goldfinger,New,17
Breaking Home,New,13
Butterfly Chocolat,New,30
Chaplin License,New,8
Cleopatra Devil,New,18
Clyde Theory,New,8
Day Unfaithful,New,14
Destiny Saturday,New,16
Dragonfly Strangers,New,18
Eagles Panky,New,22
Earth Vision,New,23
Ending Crowds,New,11
Eve Resurrection,New,7
Fatal Haunted,New,28
Flamingos Connecticut,New,23
Flash Wars,New,13
Frontier Cabin,New,6
Godfather Diary,New,8
Hours Rage,New,19
Idaho Love,New,17
Interview Liaisons,New,20
Jekyll Frogmen,New,17
Jumanji Blade,New,8
Jungle Closer,New,9
Loverboy Attacks,New,12
Maiden Home,New,24
Mannequin Worst,New,5
Mask Peach,New,17
Mine Titans,New,19
Money Harold,New,20
Nuts Ties,New,9
Oklahoma Jumanji,New,6
Phantom Glory,New,6
Pianist Outfield,New,21
Platoon Instinct,New,9
Pluto Oleander,New,16
Redemption Comforts,New,20
Ridgemont Submarine,New,32
Runaway Tenenbaums,New,8
Run Pacific,New,10
Salute Apollo,New,23
Samurai Lion,New,25
Sleepy Japanese,New,21
Sting Personal,New,21
Stock Glass,New,14
Troopers Metal,New,14
Unbreakable Karate,New,21
Vampire Whale,New,12
Vanished Garden,New,7
Varsity Trip,New,16
Voice Peach,New,19
Wild Apollo,New,6
Wyoming Storm,New,13
Annie Identity,Sci-Fi,22
Armageddon Lost,Sci-Fi,21
Attacks Hate,Sci-Fi,16
Badman Dawn,Sci-Fi,21
Barbarella Streetcar,Sci-Fi,25
Beverly Outlaw,Sci-Fi,21
Bingo Talented,Sci-Fi,29
Blindness Gun,Sci-Fi,14
Camelot Vacation,Sci-Fi,27
Chainsaw Uptown,Sci-Fi,21
Charade Duffel,Sci-Fi,15
Chariots Conspiracy,Sci-Fi,21
Cheaper Clyde,Sci-Fi,20
Cincinatti Whisperer,Sci-Fi,13
Citizen Shrek,Sci-Fi,13
Coldblooded Darling,Sci-Fi,16
Connecticut Tramp,Sci-Fi,13
Daisy Menagerie,Sci-Fi,16
Disturbing Scarface,Sci-Fi,26
Divide Monster,Sci-Fi,21
Dolls Rage,Sci-Fi,9
English Bulworth,Sci-Fi,30
Express Lonely,Sci-Fi,13
Eyes Driving,Sci-Fi,19
Fiddler Lost,Sci-Fi,10
Fish Opus,Sci-Fi,25
Frisco Forrest,Sci-Fi,9
Garden Island,Sci-Fi,20
Goldmine Tycoon,Sci-Fi,27
Goodfellas Salute,Sci-Fi,31
Graffiti Love,Sci-Fi,30
Guys Falcon,Sci-Fi,9
Hamlet Wisdom,Sci-Fi,14
Hanky October,Sci-Fi,26
Hollow Jeopardy,Sci-Fi,10
Identity Lover,Sci-Fi,13
License Weekend,Sci-Fi,7
Married Go,Sci-Fi,30
Metropolis Coma,Sci-Fi,26
Mourning Purple,Sci-Fi,21
Nemo Campus,Sci-Fi,14
None Spiking,Sci-Fi,27
Open African,Sci-Fi,21
Panther Reds,Sci-Fi,15
Raging Airplane,Sci-Fi,13
Random Go,Sci-Fi,9
Reign Gentlemen,Sci-Fi,20
Silverado Goldfinger,Sci-Fi,12
Soldiers Evolution,Sci-Fi,8
Spirited Casualties,Sci-Fi,11
Stallion Sundance,Sci-Fi,7
Sun Confessions,Sci-Fi,25
Titans Jerk,Sci-Fi,29
Trojan Tomorrow,Sci-Fi,19
Unforgiven Zoolander,Sci-Fi,18
Vacation Boondock,Sci-Fi,21
Weekend Personal,Sci-Fi,18
Whisperer Giant,Sci-Fi,22
Wonderland Christmas,Sci-Fi,22
Aladdin Calendar,Sports,23
Anonymous Human,Sports,13
Artist Coldblooded,Sports,16
Bubble Grosse,Sports,6
California Birds,Sports,12
Caribbean Liberty,Sports,9
Chance Resurrection,Sports,27
Congeniality Quest,Sports,22
Cranes Reservoir,Sports,11
Crusade Honey,Sports,8
Divorce Shining,Sports,7
Driver Annie,Sports,18
Drop Waterfront,Sports,9
Dude Blindness,Sports,16
Durham Panky,Sports,26
Elizabeth Shane,Sports,10
Evolution Alter,Sports,12
Exorcist Sting,Sports,13
Flatliners Killer,Sports,22
Flight Lies,Sports,12
Gleaming Jawbreaker,Sports,29
Graceland Dynamite,Sports,6
Groove Fiction,Sports,18
Gunfighter Mussolini,Sports,12
Holes Brannigan,Sports,15
Honey Ties,Sports,19
Hysterical Grail,Sports,15
Image Princess,Sports,14
Instinct Airport,Sports,18
Jade Bunch,Sports,18
Joon Northwest,Sports,17
Kramer Chocolate,Sports,9
Lesson Cleopatra,Sports,7
Liberty Magnificent,Sports,12
Loser Hustler,Sports,15
Mermaid Insects,Sports,16
Mile Mulan,Sports,13
Mosquito Armageddon,Sports,15
Mother Oleander,Sports,14
Mummy Creatures,Sports,16
Mussolini Spoilers,Sports,5
Neighbors Charade,Sports,19
Northwest Polish,Sports,20
Novocaine Flight,Sports,19
Peach Innocent,Sports,14
Peak Forever,Sports,20
Philadelphia Wife,Sports,23
Pickup Driving,Sports,16
Pirates Roxanne,Sports,21
Poseidon Forever,Sports,17
Records Zorro,Sports,8
Rider Caddyshack,Sports,11
River Outlaw,Sports,20
Roses Treasure,Sports,28
Satisfaction Confidential,Sports,17
Saturday Lambs,Sports,28
Seabiscuit Punk,Sports,26
Secretary Rouge,Sports,18
Sense Greek,Sports,7
Shakespeare Saddle,Sports,22
Sierra Divide,Sports,15
Slipper Fidelity,Sports,16
Smoochy Control,Sports,12
Squad Fish,Sports,7
Star Operation,Sports,21
Steers Armageddon,Sports,15
Straight Hours,Sports,20
Talented Homicide,Sports,29
Tights Dawn,Sports,26
Tourist Pelican,Sports,22
Trading Pinocchio,Sports,25
Tuxedo Mile,Sports,13
Victory Academy,Sports,9
Basic Easy,Travel,21
Bird Independence,Travel,11
Boiled Dares,Travel,15
Born Spinal,Travel,12
Bucket Brotherhood,Travel,34
Casablanca Super,Travel,16
Cassidy Wyoming,Travel,6
Coma Head,Travel,26
Comforts Rush,Travel,17
Contact Anonymous,Travel,26
Desperate Trainspotting,Travel,6
Disciple Mother,Travel,19
Drumline Cyclone,Travel,11
Enough Raging,Travel,18
Escape Metropolis,Travel,25
Expecations Natural,Travel,18
Factory Dragon,Travel,17
Fellowship Autumn,Travel,26
Frogmen Breaking,Travel,10
Fugitive Maguire,Travel,11
Games Bowfinger,Travel,14
Haunted Antitrust,Travel,6
Horror Reign,Travel,27
Igby Maker,Travel,19
Italian African,Travel,6
Kick Savannah,Travel,20
Leathernecks Dwarfs,Travel,7
Liaisons Sweet,Travel,22
Lock Rear,Travel,16
Madigan Dorado,Travel,10
Moulin Wake,Travel,16
Muscle Bright,Travel,30
Others Soup,Travel,23
Outlaw Hanky,Travel,14
Papi Necklace,Travel,8
Shane Darkness,Travel,14
Shanghai Tycoon,Travel,14
Shawshank Bubble,Travel,19
Shining Roses,Travel,8
Smile Earring,Travel,10
Speed Suit,Travel,9
Stone Fire,Travel,11
Superfly Trip,Travel,10
Sweet Brotherhood,Travel,15
Teen Apollo,Travel,17
Tomatoes Hellfighters,Travel,14
Traffic Hobbit,Travel,5
Trouble Date,Travel,23
Valentine Vanishing,Travel,12
Window Side,Travel,12
Wolves Desire,Travel,21
Worker Tarzan,Travel,15
Working Microcosmos,Travel,25
